ID,Address,Name,Employees,Latitude,Longitude
1, 3666 21st St San Francisco CA 94114 USA, Madeira,8,37.75664965,-122.42940540299549
2, 735 Dolores St San Francisco CA 94119 USA, Bready Shop,15,37.757826800000004,-122.42539238108796
3, 332 Hill St San Francisco California 94114 USA, Super River,25,37.755836349999996,-122.42883158327517
4, 3995 23rd St San Francisco CA 94114 USA, Ben's Shop,10,37.7529648,-122.4317141
5,1056 Sanchez St San Francisco California USA,Sanchez,12,37.75214375,-122.42997677673961
